-- phpMyAdmin SQL Dump
-- version 5.2.0
-- https://www.phpmyadmin.net/
--
-- Host: 127.0.0.1
-- Generation Time: Jan 15, 2026 at 04:16 PM
-- Server version: 10.4.27-MariaDB
-- PHP Version: 8.1.12

SET SQL_MODE = "NO_AUTO_VALUE_ON_ZERO";
START TRANSACTION;
SET time_zone = "+00:00";


/*!40101 SET @OLD_CHARACTER_SET_CLIENT=@@CHARACTER_SET_CLIENT */;
/*!40101 SET @OLD_CHARACTER_SET_RESULTS=@@CHARACTER_SET_RESULTS */;
/*!40101 SET @OLD_COLLATION_CONNECTION=@@COLLATION_CONNECTION */;
/*!40101 SET NAMES utf8mb4 */;

--
-- Database: `laravel`
--

-- --------------------------------------------------------

--
-- Table structure for table `cache`
--

CREATE TABLE `cache` (
  `key` varchar(255) NOT NULL,
  `value` mediumtext NOT NULL,
  `expiration` int(11) NOT NULL
) ENGINE=InnoDB DEFAULT CHARSET=utf8mb4 COLLATE=utf8mb4_unicode_ci;

-- --------------------------------------------------------

--
-- Table structure for table `cache_locks`
--

CREATE TABLE `cache_locks` (
  `key` varchar(255) NOT NULL,
  `owner` varchar(255) NOT NULL,
  `expiration` int(11) NOT NULL
) ENGINE=InnoDB DEFAULT CHARSET=utf8mb4 COLLATE=utf8mb4_unicode_ci;

-- --------------------------------------------------------

--
-- Table structure for table `countries`
--

CREATE TABLE `countries` (
  `id` bigint(20) UNSIGNED NOT NULL,
  `name` varchar(255) NOT NULL,
  `iso_code` varchar(2) DEFAULT NULL,
  `nationality` varchar(255) DEFAULT NULL,
  `created_at` timestamp NULL DEFAULT NULL,
  `updated_at` timestamp NULL DEFAULT NULL
) ENGINE=InnoDB DEFAULT CHARSET=utf8mb4 COLLATE=utf8mb4_unicode_ci;

--
-- Dumping data for table `countries`
--

INSERT INTO `countries` (`id`, `name`, `iso_code`, `nationality`, `created_at`, `updated_at`) VALUES
(1, 'Andorra', 'AD', 'Andorra la Vella', '2026-01-15 11:16:41', '2026-01-15 11:16:41'),
(2, 'United Arab Emirates', 'AE', 'Abu Dhabi', '2026-01-15 11:16:42', '2026-01-15 11:16:42'),
(3, 'Afghanistan', 'AF', 'Kabul', '2026-01-15 11:16:42', '2026-01-15 11:16:42'),
(4, 'Antigua and Barbuda', 'AG', 'St. John\'s', '2026-01-15 11:16:42', '2026-01-15 11:16:42'),
(5, 'Anguilla', 'AI', 'The Valley', '2026-01-15 11:16:42', '2026-01-15 11:16:42'),
(6, 'Albania', 'AL', 'Tirana', '2026-01-15 11:16:42', '2026-01-15 11:16:42'),
(7, 'Armenia', 'AM', 'Yerevan', '2026-01-15 11:16:42', '2026-01-15 11:16:42'),
(8, 'Angola', 'AO', 'Luanda', '2026-01-15 11:16:42', '2026-01-15 11:16:42'),
(9, 'Antarctica', 'AQ', '', '2026-01-15 11:16:42', '2026-01-15 11:16:42'),
(10, 'Argentina', 'AR', 'Buenos Aires', '2026-01-15 11:16:42', '2026-01-15 11:16:42'),
(11, 'American Samoa', 'AS', 'Pago Pago', '2026-01-15 11:16:42', '2026-01-15 11:16:42'),
(12, 'Austria', 'AT', 'Vienna', '2026-01-15 11:16:42', '2026-01-15 11:16:42'),
(13, 'Australia', 'AU', 'Canberra', '2026-01-15 11:16:42', '2026-01-15 11:16:42'),
(14, 'Aruba', 'AW', 'Oranjestad', '2026-01-15 11:16:42', '2026-01-15 11:16:42'),
(15, 'Aland Islands', 'AX', 'Mariehamn', '2026-01-15 11:16:42', '2026-01-15 11:16:42'),
(16, 'Azerbaijan', 'AZ', 'Baku', '2026-01-15 11:16:42', '2026-01-15 11:16:42'),
(17, 'Bosnia and Herzegovina', 'BA', 'Sarajevo', '2026-01-15 11:16:42', '2026-01-15 11:16:42'),
(18, 'Barbados', 'BB', 'Bridgetown', '2026-01-15 11:16:42', '2026-01-15 11:16:42'),
(19, 'Bangladesh', 'BD', 'Dhaka', '2026-01-15 11:16:42', '2026-01-15 11:16:42'),
(20, 'Belgium', 'BE', 'Brussels', '2026-01-15 11:16:42', '2026-01-15 11:16:42'),
(21, 'Burkina Faso', 'BF', 'Ouagadougou', '2026-01-15 11:16:42', '2026-01-15 11:16:42'),
(22, 'Bulgaria', 'BG', 'Sofia', '2026-01-15 11:16:42', '2026-01-15 11:16:42'),
(23, 'Bahrain', 'BH', 'Manama', '2026-01-15 11:16:42', '2026-01-15 11:16:42'),
(24, 'Burundi', 'BI', 'Gitega', '2026-01-15 11:16:42', '2026-01-15 11:16:42'),
(25, 'Benin', 'BJ', 'Porto-Novo', '2026-01-15 11:16:42', '2026-01-15 11:16:42'),
(26, 'Saint Barthelemy', 'BL', 'Gustavia', '2026-01-15 11:16:42', '2026-01-15 11:16:42'),
(27, 'Bermuda', 'BM', 'Hamilton', '2026-01-15 11:16:42', '2026-01-15 11:16:42'),
(28, 'Brunei', 'BN', 'Bandar Seri Begawan', '2026-01-15 11:16:42', '2026-01-15 11:16:42'),
(29, 'Bolivia', 'BO', 'Sucre', '2026-01-15 11:16:42', '2026-01-15 11:16:42'),
(30, 'Bonaire, Saint Eustatius and Saba ', 'BQ', '', '2026-01-15 11:16:42', '2026-01-15 11:16:42'),
(31, 'Brazil', 'BR', 'Brasilia', '2026-01-15 11:16:42', '2026-01-15 11:16:42'),
(32, 'Bahamas', 'BS', 'Nassau', '2026-01-15 11:16:42', '2026-01-15 11:16:42'),
(33, 'Bhutan', 'BT', 'Thimphu', '2026-01-15 11:16:42', '2026-01-15 11:16:42'),
(34, 'Bouvet Island', 'BV', '', '2026-01-15 11:16:42', '2026-01-15 11:16:42'),
(35, 'Botswana', 'BW', 'Gaborone', '2026-01-15 11:16:42', '2026-01-15 11:16:42'),
(36, 'Belarus', 'BY', 'Minsk', '2026-01-15 11:16:42', '2026-01-15 11:16:42'),
(37, 'Belize', 'BZ', 'Belmopan', '2026-01-15 11:16:42', '2026-01-15 11:16:42'),
(38, 'Canada', 'CA', 'Ottawa', '2026-01-15 11:16:42', '2026-01-15 11:16:42'),
(39, 'Cocos Islands', 'CC', 'West Island', '2026-01-15 11:16:42', '2026-01-15 11:16:42'),
(40, 'Democratic Republic of the Congo', 'CD', 'Kinshasa', '2026-01-15 11:16:42', '2026-01-15 11:16:42'),
(41, 'Central African Republic', 'CF', 'Bangui', '2026-01-15 11:16:42', '2026-01-15 11:16:42'),
(42, 'Republic of the Congo', 'CG', 'Brazzaville', '2026-01-15 11:16:42', '2026-01-15 11:16:42'),
(43, 'Switzerland', 'CH', 'Bern', '2026-01-15 11:16:42', '2026-01-15 11:16:42'),
(44, 'Ivory Coast', 'CI', 'Yamoussoukro', '2026-01-15 11:16:42', '2026-01-15 11:16:42'),
(45, 'Cook Islands', 'CK', 'Avarua', '2026-01-15 11:16:42', '2026-01-15 11:16:42'),
(46, 'Chile', 'CL', 'Santiago', '2026-01-15 11:16:42', '2026-01-15 11:16:42'),
(47, 'Cameroon', 'CM', 'Yaounde', '2026-01-15 11:16:42', '2026-01-15 11:16:42'),
(48, 'China', 'CN', 'Beijing', '2026-01-15 11:16:42', '2026-01-15 11:16:42'),
(49, 'Colombia', 'CO', 'Bogota', '2026-01-15 11:16:42', '2026-01-15 11:16:42'),
(50, 'Costa Rica', 'CR', 'San Jose', '2026-01-15 11:16:42', '2026-01-15 11:16:42'),
(51, 'Cuba', 'CU', 'Havana', '2026-01-15 11:16:42', '2026-01-15 11:16:42'),
(52, 'Cabo Verde', 'CV', 'Praia', '2026-01-15 11:16:42', '2026-01-15 11:16:42'),
(53, 'Curacao', 'CW', ' Willemstad', '2026-01-15 11:16:42', '2026-01-15 11:16:42'),
(54, 'Christmas Island', 'CX', 'Flying Fish Cove', '2026-01-15 11:16:43', '2026-01-15 11:16:43'),
(55, 'Cyprus', 'CY', 'Nicosia', '2026-01-15 11:16:43', '2026-01-15 11:16:43'),
(56, 'Czechia', 'CZ', 'Prague', '2026-01-15 11:16:43', '2026-01-15 11:16:43'),
(57, 'Germany', 'DE', 'Berlin', '2026-01-15 11:16:43', '2026-01-15 11:16:43'),
(58, 'Djibouti', 'DJ', 'Djibouti', '2026-01-15 11:16:43', '2026-01-15 11:16:43'),
(59, 'Denmark', 'DK', 'Copenhagen', '2026-01-15 11:16:43', '2026-01-15 11:16:43'),
(60, 'Dominica', 'DM', 'Roseau', '2026-01-15 11:16:43', '2026-01-15 11:16:43'),
(61, 'Dominican Republic', 'DO', 'Santo Domingo', '2026-01-15 11:16:43', '2026-01-15 11:16:43'),
(62, 'Algeria', 'DZ', 'Algiers', '2026-01-15 11:16:43', '2026-01-15 11:16:43'),
(63, 'Ecuador', 'EC', 'Quito', '2026-01-15 11:16:43', '2026-01-15 11:16:43'),
(64, 'Estonia', 'EE', 'Tallinn', '2026-01-15 11:16:43', '2026-01-15 11:16:43'),
(65, 'Egypt', 'EG', 'Cairo', '2026-01-15 11:16:43', '2026-01-15 11:16:43'),
(66, 'Western Sahara', 'EH', 'El-Aaiun', '2026-01-15 11:16:43', '2026-01-15 11:16:43'),
(67, 'Eritrea', 'ER', 'Asmara', '2026-01-15 11:16:43', '2026-01-15 11:16:43'),
(68, 'Spain', 'ES', 'Madrid', '2026-01-15 11:16:43', '2026-01-15 11:16:43'),
(69, 'Ethiopia', 'ET', 'Addis Ababa', '2026-01-15 11:16:43', '2026-01-15 11:16:43'),
(70, 'Finland', 'FI', 'Helsinki', '2026-01-15 11:16:43', '2026-01-15 11:16:43'),
(71, 'Fiji', 'FJ', 'Suva', '2026-01-15 11:16:43', '2026-01-15 11:16:43'),
(72, 'Falkland Islands', 'FK', 'Stanley', '2026-01-15 11:16:43', '2026-01-15 11:16:43'),
(73, 'Micronesia', 'FM', 'Palikir', '2026-01-15 11:16:43', '2026-01-15 11:16:43'),
(74, 'Faroe Islands', 'FO', 'Torshavn', '2026-01-15 11:16:43', '2026-01-15 11:16:43'),
(75, 'France', 'FR', 'Paris', '2026-01-15 11:16:43', '2026-01-15 11:16:43'),
(76, 'Gabon', 'GA', 'Libreville', '2026-01-15 11:16:43', '2026-01-15 11:16:43'),
(77, 'United Kingdom', 'GB', 'London', '2026-01-15 11:16:43', '2026-01-15 11:16:43'),
(78, 'Grenada', 'GD', 'St. George\'s', '2026-01-15 11:16:43', '2026-01-15 11:16:43'),
(79, 'Georgia', 'GE', 'Tbilisi', '2026-01-15 11:16:43', '2026-01-15 11:16:43'),
(80, 'French Guiana', 'GF', 'Cayenne', '2026-01-15 11:16:43', '2026-01-15 11:16:43'),
(81, 'Guernsey', 'GG', 'St Peter Port', '2026-01-15 11:16:43', '2026-01-15 11:16:43'),
(82, 'Ghana', 'GH', 'Accra', '2026-01-15 11:16:43', '2026-01-15 11:16:43'),
(83, 'Gibraltar', 'GI', 'Gibraltar', '2026-01-15 11:16:43', '2026-01-15 11:16:43'),
(84, 'Greenland', 'GL', 'Nuuk', '2026-01-15 11:16:43', '2026-01-15 11:16:43'),
(85, 'Gambia', 'GM', 'Banjul', '2026-01-15 11:16:43', '2026-01-15 11:16:43'),
(86, 'Guinea', 'GN', 'Conakry', '2026-01-15 11:16:43', '2026-01-15 11:16:43'),
(87, 'Guadeloupe', 'GP', 'Basse-Terre', '2026-01-15 11:16:43', '2026-01-15 11:16:43'),
(88, 'Equatorial Guinea', 'GQ', 'Malabo', '2026-01-15 11:16:44', '2026-01-15 11:16:44'),
(89, 'Greece', 'GR', 'Athens', '2026-01-15 11:16:44', '2026-01-15 11:16:44'),
(90, 'South Georgia and the South Sandwich Islands', 'GS', 'Grytviken', '2026-01-15 11:16:44', '2026-01-15 11:16:44'),
(91, 'Guatemala', 'GT', 'Guatemala City', '2026-01-15 11:16:44', '2026-01-15 11:16:44'),
(92, 'Guam', 'GU', 'Hagatna', '2026-01-15 11:16:44', '2026-01-15 11:16:44'),
(93, 'Guinea-Bissau', 'GW', 'Bissau', '2026-01-15 11:16:44', '2026-01-15 11:16:44'),
(94, 'Guyana', 'GY', 'Georgetown', '2026-01-15 11:16:44', '2026-01-15 11:16:44'),
(95, 'Hong Kong', 'HK', 'Hong Kong', '2026-01-15 11:16:44', '2026-01-15 11:16:44'),
(96, 'Heard Island and McDonald Islands', 'HM', '', '2026-01-15 11:16:44', '2026-01-15 11:16:44'),
(97, 'Honduras', 'HN', 'Tegucigalpa', '2026-01-15 11:16:44', '2026-01-15 11:16:44'),
(98, 'Croatia', 'HR', 'Zagreb', '2026-01-15 11:16:44', '2026-01-15 11:16:44'),
(99, 'Haiti', 'HT', 'Port-au-Prince', '2026-01-15 11:16:44', '2026-01-15 11:16:44'),
(100, 'Hungary', 'HU', 'Budapest', '2026-01-15 11:16:44', '2026-01-15 11:16:44'),
(101, 'Indonesia', 'ID', 'Jakarta', '2026-01-15 11:16:44', '2026-01-15 11:16:44'),
(102, 'Ireland', 'IE', 'Dublin', '2026-01-15 11:16:44', '2026-01-15 11:16:44'),
(103, 'Israel', 'IL', 'Jerusalem', '2026-01-15 11:16:44', '2026-01-15 11:16:44'),
(104, 'Isle of Man', 'IM', 'Douglas', '2026-01-15 11:16:44', '2026-01-15 11:16:44'),
(105, 'India', 'IN', 'New Delhi', '2026-01-15 11:16:44', '2026-01-15 11:16:44'),
(106, 'British Indian Ocean Territory', 'IO', 'Diego Garcia', '2026-01-15 11:16:44', '2026-01-15 11:16:44'),
(107, 'Iraq', 'IQ', 'Baghdad', '2026-01-15 11:16:44', '2026-01-15 11:16:44'),
(108, 'Iran', 'IR', 'Tehran', '2026-01-15 11:16:45', '2026-01-15 11:16:45'),
(109, 'Iceland', 'IS', 'Reykjavik', '2026-01-15 11:16:45', '2026-01-15 11:16:45'),
(110, 'Italy', 'IT', 'Rome', '2026-01-15 11:16:45', '2026-01-15 11:16:45'),
(111, 'Jersey', 'JE', 'Saint Helier', '2026-01-15 11:16:45', '2026-01-15 11:16:45'),
(112, 'Jamaica', 'JM', 'Kingston', '2026-01-15 11:16:45', '2026-01-15 11:16:45'),
(113, 'Jordan', 'JO', 'Amman', '2026-01-15 11:16:45', '2026-01-15 11:16:45'),
(114, 'Japan', 'JP', 'Tokyo', '2026-01-15 11:16:45', '2026-01-15 11:16:45'),
(115, 'Kenya', 'KE', 'Nairobi', '2026-01-15 11:16:45', '2026-01-15 11:16:45'),
(116, 'Kyrgyzstan', 'KG', 'Bishkek', '2026-01-15 11:16:45', '2026-01-15 11:16:45'),
(117, 'Cambodia', 'KH', 'Phnom Penh', '2026-01-15 11:16:45', '2026-01-15 11:16:45'),
(118, 'Kiribati', 'KI', 'Tarawa', '2026-01-15 11:16:45', '2026-01-15 11:16:45'),
(119, 'Comoros', 'KM', 'Moroni', '2026-01-15 11:16:45', '2026-01-15 11:16:45'),
(120, 'Saint Kitts and Nevis', 'KN', 'Basseterre', '2026-01-15 11:16:45', '2026-01-15 11:16:45'),
(121, 'North Korea', 'KP', 'Pyongyang', '2026-01-15 11:16:45', '2026-01-15 11:16:45'),
(122, 'South Korea', 'KR', 'Seoul', '2026-01-15 11:16:45', '2026-01-15 11:16:45'),
(123, 'Kosovo', 'XK', 'Pristina', '2026-01-15 11:16:45', '2026-01-15 11:16:45'),
(124, 'Kuwait', 'KW', 'Kuwait City', '2026-01-15 11:16:45', '2026-01-15 11:16:45'),
(125, 'Cayman Islands', 'KY', 'George Town', '2026-01-15 11:16:45', '2026-01-15 11:16:45'),
(126, 'Kazakhstan', 'KZ', 'Nur-Sultan', '2026-01-15 11:16:45', '2026-01-15 11:16:45'),
(127, 'Laos', 'LA', 'Vientiane', '2026-01-15 11:16:45', '2026-01-15 11:16:45'),
(128, 'Lebanon', 'LB', 'Beirut', '2026-01-15 11:16:45', '2026-01-15 11:16:45'),
(129, 'Saint Lucia', 'LC', 'Castries', '2026-01-15 11:16:45', '2026-01-15 11:16:45'),
(130, 'Liechtenstein', 'LI', 'Vaduz', '2026-01-15 11:16:45', '2026-01-15 11:16:45'),
(131, 'Sri Lanka', 'LK', 'Colombo', '2026-01-15 11:16:45', '2026-01-15 11:16:45'),
(132, 'Liberia', 'LR', 'Monrovia', '2026-01-15 11:16:45', '2026-01-15 11:16:45'),
(133, 'Lesotho', 'LS', 'Maseru', '2026-01-15 11:16:45', '2026-01-15 11:16:45'),
(134, 'Lithuania', 'LT', 'Vilnius', '2026-01-15 11:16:45', '2026-01-15 11:16:45'),
(135, 'Luxembourg', 'LU', 'Luxembourg', '2026-01-15 11:16:45', '2026-01-15 11:16:45'),
(136, 'Latvia', 'LV', 'Riga', '2026-01-15 11:16:45', '2026-01-15 11:16:45'),
(137, 'Libya', 'LY', 'Tripoli', '2026-01-15 11:16:45', '2026-01-15 11:16:45'),
(138, 'Morocco', 'MA', 'Rabat', '2026-01-15 11:16:45', '2026-01-15 11:16:45'),
(139, 'Monaco', 'MC', 'Monaco', '2026-01-15 11:16:45', '2026-01-15 11:16:45'),
(140, 'Moldova', 'MD', 'Chisinau', '2026-01-15 11:16:45', '2026-01-15 11:16:45'),
(141, 'Montenegro', 'ME', 'Podgorica', '2026-01-15 11:16:45', '2026-01-15 11:16:45'),
(142, 'Saint Martin', 'MF', 'Marigot', '2026-01-15 11:16:45', '2026-01-15 11:16:45'),
(143, 'Madagascar', 'MG', 'Antananarivo', '2026-01-15 11:16:45', '2026-01-15 11:16:45'),
(144, 'Marshall Islands', 'MH', 'Majuro', '2026-01-15 11:16:45', '2026-01-15 11:16:45'),
(145, 'North Macedonia', 'MK', 'Skopje', '2026-01-15 11:16:45', '2026-01-15 11:16:45'),
(146, 'Mali', 'ML', 'Bamako', '2026-01-15 11:16:45', '2026-01-15 11:16:45'),
(147, 'Myanmar', 'MM', 'Nay Pyi Taw', '2026-01-15 11:16:45', '2026-01-15 11:16:45'),
(148, 'Mongolia', 'MN', 'Ulaanbaatar', '2026-01-15 11:16:45', '2026-01-15 11:16:45'),
(149, 'Macao', 'MO', 'Macao', '2026-01-15 11:16:45', '2026-01-15 11:16:45'),
(150, 'Northern Mariana Islands', 'MP', 'Saipan', '2026-01-15 11:16:45', '2026-01-15 11:16:45'),
(151, 'Martinique', 'MQ', 'Fort-de-France', '2026-01-15 11:16:45', '2026-01-15 11:16:45'),
(152, 'Mauritania', 'MR', 'Nouakchott', '2026-01-15 11:16:45', '2026-01-15 11:16:45'),
(153, 'Montserrat', 'MS', 'Plymouth', '2026-01-15 11:16:45', '2026-01-15 11:16:45'),
(154, 'Malta', 'MT', 'Valletta', '2026-01-15 11:16:45', '2026-01-15 11:16:45'),
(155, 'Mauritius', 'MU', 'Port Louis', '2026-01-15 11:16:45', '2026-01-15 11:16:45'),
(156, 'Maldives', 'MV', 'Male', '2026-01-15 11:16:45', '2026-01-15 11:16:45'),
(157, 'Malawi', 'MW', 'Lilongwe', '2026-01-15 11:16:45', '2026-01-15 11:16:45'),
(158, 'Mexico', 'MX', 'Mexico City', '2026-01-15 11:16:46', '2026-01-15 11:16:46'),
(159, 'Malaysia', 'MY', 'Kuala Lumpur', '2026-01-15 11:16:46', '2026-01-15 11:16:46'),
(160, 'Mozambique', 'MZ', 'Maputo', '2026-01-15 11:16:46', '2026-01-15 11:16:46'),
(161, 'Namibia', 'NA', 'Windhoek', '2026-01-15 11:16:46', '2026-01-15 11:16:46'),
(162, 'New Caledonia', 'NC', 'Noumea', '2026-01-15 11:16:46', '2026-01-15 11:16:46'),
(163, 'Niger', 'NE', 'Niamey', '2026-01-15 11:16:46', '2026-01-15 11:16:46'),
(164, 'Norfolk Island', 'NF', 'Kingston', '2026-01-15 11:16:46', '2026-01-15 11:16:46'),
(165, 'Nigeria', 'NG', 'Abuja', '2026-01-15 11:16:46', '2026-01-15 11:16:46'),
(166, 'Nicaragua', 'NI', 'Managua', '2026-01-15 11:16:46', '2026-01-15 11:16:46'),
(167, 'The Netherlands', 'NL', 'Amsterdam', '2026-01-15 11:16:46', '2026-01-15 11:16:46'),
(168, 'Norway', 'NO', 'Oslo', '2026-01-15 11:16:46', '2026-01-15 11:16:46'),
(169, 'Nepal', 'NP', 'Kathmandu', '2026-01-15 11:16:46', '2026-01-15 11:16:46'),
(170, 'Nauru', 'NR', 'Yaren', '2026-01-15 11:16:46', '2026-01-15 11:16:46'),
(171, 'Niue', 'NU', 'Alofi', '2026-01-15 11:16:46', '2026-01-15 11:16:46'),
(172, 'New Zealand', 'NZ', 'Wellington', '2026-01-15 11:16:46', '2026-01-15 11:16:46'),
(173, 'Oman', 'OM', 'Muscat', '2026-01-15 11:16:46', '2026-01-15 11:16:46'),
(174, 'Panama', 'PA', 'Panama City', '2026-01-15 11:16:46', '2026-01-15 11:16:46'),
(175, 'Peru', 'PE', 'Lima', '2026-01-15 11:16:46', '2026-01-15 11:16:46'),
(176, 'French Polynesia', 'PF', 'Papeete', '2026-01-15 11:16:46', '2026-01-15 11:16:46'),
(177, 'Papua New Guinea', 'PG', 'Port Moresby', '2026-01-15 11:16:46', '2026-01-15 11:16:46'),
(178, 'Philippines', 'PH', 'Manila', '2026-01-15 11:16:46', '2026-01-15 11:16:46'),
(179, 'Pakistan', 'PK', 'Islamabad', '2026-01-15 11:16:46', '2026-01-15 11:16:46'),
(180, 'Poland', 'PL', 'Warsaw', '2026-01-15 11:16:46', '2026-01-15 11:16:46'),
(181, 'Saint Pierre and Miquelon', 'PM', 'Saint-Pierre', '2026-01-15 11:16:46', '2026-01-15 11:16:46'),
(182, 'Pitcairn', 'PN', 'Adamstown', '2026-01-15 11:16:46', '2026-01-15 11:16:46'),
(183, 'Puerto Rico', 'PR', 'San Juan', '2026-01-15 11:16:46', '2026-01-15 11:16:46'),
(184, 'Palestinian Territory', 'PS', 'East Jerusalem', '2026-01-15 11:16:46', '2026-01-15 11:16:46'),
(185, 'Portugal', 'PT', 'Lisbon', '2026-01-15 11:16:46', '2026-01-15 11:16:46'),
(186, 'Palau', 'PW', 'Melekeok', '2026-01-15 11:16:46', '2026-01-15 11:16:46'),
(187, 'Paraguay', 'PY', 'Asuncion', '2026-01-15 11:16:46', '2026-01-15 11:16:46'),
(188, 'Qatar', 'QA', 'Doha', '2026-01-15 11:16:46', '2026-01-15 11:16:46'),
(189, 'Reunion', 'RE', 'Saint-Denis', '2026-01-15 11:16:46', '2026-01-15 11:16:46'),
(190, 'Romania', 'RO', 'Bucharest', '2026-01-15 11:16:46', '2026-01-15 11:16:46'),
(191, 'Serbia', 'RS', 'Belgrade', '2026-01-15 11:16:46', '2026-01-15 11:16:46'),
(192, 'Russia', 'RU', 'Moscow', '2026-01-15 11:16:46', '2026-01-15 11:16:46'),
(193, 'Rwanda', 'RW', 'Kigali', '2026-01-15 11:16:46', '2026-01-15 11:16:46'),
(194, 'Saudi Arabia', 'SA', 'Riyadh', '2026-01-15 11:16:46', '2026-01-15 11:16:46'),
(195, 'Solomon Islands', 'SB', 'Honiara', '2026-01-15 11:16:46', '2026-01-15 11:16:46'),
(196, 'Seychelles', 'SC', 'Victoria', '2026-01-15 11:16:46', '2026-01-15 11:16:46'),
(197, 'Sudan', 'SD', 'Khartoum', '2026-01-15 11:16:46', '2026-01-15 11:16:46'),
(198, 'South Sudan', 'SS', 'Juba', '2026-01-15 11:16:46', '2026-01-15 11:16:46'),
(199, 'Sweden', 'SE', 'Stockholm', '2026-01-15 11:16:46', '2026-01-15 11:16:46'),
(200, 'Singapore', 'SG', 'Singapore', '2026-01-15 11:16:46', '2026-01-15 11:16:46'),
(201, 'Saint Helena', 'SH', 'Jamestown', '2026-01-15 11:16:46', '2026-01-15 11:16:46'),
(202, 'Slovenia', 'SI', 'Ljubljana', '2026-01-15 11:16:47', '2026-01-15 11:16:47'),
(203, 'Svalbard and Jan Mayen', 'SJ', 'Longyearbyen', '2026-01-15 11:16:47', '2026-01-15 11:16:47'),
(204, 'Slovakia', 'SK', 'Bratislava', '2026-01-15 11:16:47', '2026-01-15 11:16:47'),
(205, 'Sierra Leone', 'SL', 'Freetown', '2026-01-15 11:16:47', '2026-01-15 11:16:47'),
(206, 'San Marino', 'SM', 'San Marino', '2026-01-15 11:16:47', '2026-01-15 11:16:47'),
(207, 'Senegal', 'SN', 'Dakar', '2026-01-15 11:16:47', '2026-01-15 11:16:47'),
(208, 'Somalia', 'SO', 'Mogadishu', '2026-01-15 11:16:47', '2026-01-15 11:16:47'),
(209, 'Suriname', 'SR', 'Paramaribo', '2026-01-15 11:16:47', '2026-01-15 11:16:47'),
(210, 'Sao Tome and Principe', 'ST', 'Sao Tome', '2026-01-15 11:16:47', '2026-01-15 11:16:47'),
(211, 'El Salvador', 'SV', 'San Salvador', '2026-01-15 11:16:47', '2026-01-15 11:16:47'),
(212, 'Sint Maarten', 'SX', 'Philipsburg', '2026-01-15 11:16:47', '2026-01-15 11:16:47'),
(213, 'Syria', 'SY', 'Damascus', '2026-01-15 11:16:47', '2026-01-15 11:16:47'),
(214, 'Eswatini', 'SZ', 'Mbabane', '2026-01-15 11:16:47', '2026-01-15 11:16:47'),
(215, 'Turks and Caicos Islands', 'TC', 'Cockburn Town', '2026-01-15 11:16:47', '2026-01-15 11:16:47'),
(216, 'Chad', 'TD', 'N\'Djamena', '2026-01-15 11:16:47', '2026-01-15 11:16:47'),
(217, 'French Southern Territories', 'TF', 'Port-aux-Francais', '2026-01-15 11:16:47', '2026-01-15 11:16:47'),
(218, 'Togo', 'TG', 'Lome', '2026-01-15 11:16:47', '2026-01-15 11:16:47'),
(219, 'Thailand', 'TH', 'Bangkok', '2026-01-15 11:16:47', '2026-01-15 11:16:47'),
(220, 'Tajikistan', 'TJ', 'Dushanbe', '2026-01-15 11:16:47', '2026-01-15 11:16:47'),
(221, 'Tokelau', 'TK', '', '2026-01-15 11:16:47', '2026-01-15 11:16:47'),
(222, 'Timor Leste', 'TL', 'Dili', '2026-01-15 11:16:47', '2026-01-15 11:16:47'),
(223, 'Turkmenistan', 'TM', 'Ashgabat', '2026-01-15 11:16:47', '2026-01-15 11:16:47'),
(224, 'Tunisia', 'TN', 'Tunis', '2026-01-15 11:16:47', '2026-01-15 11:16:47'),
(225, 'Tonga', 'TO', 'Nuku\'alofa', '2026-01-15 11:16:47', '2026-01-15 11:16:47'),
(226, 'Turkey', 'TR', 'Ankara', '2026-01-15 11:16:47', '2026-01-15 11:16:47'),
(227, 'Trinidad and Tobago', 'TT', 'Port of Spain', '2026-01-15 11:16:47', '2026-01-15 11:16:47'),
(228, 'Tuvalu', 'TV', 'Funafuti', '2026-01-15 11:16:47', '2026-01-15 11:16:47'),
(229, 'Taiwan', 'TW', 'Taipei', '2026-01-15 11:16:47', '2026-01-15 11:16:47'),
(230, 'Tanzania', 'TZ', 'Dodoma', '2026-01-15 11:16:47', '2026-01-15 11:16:47'),
(231, 'Ukraine', 'UA', 'Kyiv', '2026-01-15 11:16:47', '2026-01-15 11:16:47'),
(232, 'Uganda', 'UG', 'Kampala', '2026-01-15 11:16:47', '2026-01-15 11:16:47'),
(233, 'United States Minor Outlying Islands', 'UM', '', '2026-01-15 11:16:47', '2026-01-15 11:16:47'),
(234, 'United States', 'US', 'Washington', '2026-01-15 11:16:47', '2026-01-15 11:16:47'),
(235, 'Uruguay', 'UY', 'Montevideo', '2026-01-15 11:16:47', '2026-01-15 11:16:47'),
(236, 'Uzbekistan', 'UZ', 'Tashkent', '2026-01-15 11:16:47', '2026-01-15 11:16:47'),
(237, 'Vatican', 'VA', 'Vatican City', '2026-01-15 11:16:47', '2026-01-15 11:16:47'),
(238, 'Saint Vincent and the Grenadines', 'VC', 'Kingstown', '2026-01-15 11:16:47', '2026-01-15 11:16:47'),
(239, 'Venezuela', 'VE', 'Caracas', '2026-01-15 11:16:47', '2026-01-15 11:16:47'),
(240, 'British Virgin Islands', 'VG', 'Road Town', '2026-01-15 11:16:47', '2026-01-15 11:16:47'),
(241, 'U.S. Virgin Islands', 'VI', 'Charlotte Amalie', '2026-01-15 11:16:47', '2026-01-15 11:16:47'),
(242, 'Vietnam', 'VN', 'Hanoi', '2026-01-15 11:16:47', '2026-01-15 11:16:47'),
(243, 'Vanuatu', 'VU', 'Port Vila', '2026-01-15 11:16:47', '2026-01-15 11:16:47'),
(244, 'Wallis and Futuna', 'WF', 'Mata Utu', '2026-01-15 11:16:47', '2026-01-15 11:16:47'),
(245, 'Samoa', 'WS', 'Apia', '2026-01-15 11:16:47', '2026-01-15 11:16:47'),
(246, 'Yemen', 'YE', 'Sanaa', '2026-01-15 11:16:47', '2026-01-15 11:16:47'),
(247, 'Mayotte', 'YT', 'Mamoudzou', '2026-01-15 11:16:47', '2026-01-15 11:16:47'),
(248, 'South Africa', 'ZA', 'Pretoria', '2026-01-15 11:16:47', '2026-01-15 11:16:47'),
(249, 'Zambia', 'ZM', 'Lusaka', '2026-01-15 11:16:47', '2026-01-15 11:16:47'),
(250, 'Zimbabwe', 'ZW', 'Harare', '2026-01-15 11:16:47', '2026-01-15 11:16:47'),
(251, 'Serbia and Montenegro', 'CS', 'Belgrade', '2026-01-15 11:16:47', '2026-01-15 11:16:47'),
(252, 'Netherlands Antilles', 'AN', 'Willemstad', '2026-01-15 11:16:47', '2026-01-15 11:16:47');

-- --------------------------------------------------------

--
-- Table structure for table `districts`
--

CREATE TABLE `districts` (
  `id` bigint(20) UNSIGNED NOT NULL,
  `region_id` bigint(20) UNSIGNED NOT NULL,
  `name` varchar(255) NOT NULL,
  `geoname_id` int(11) DEFAULT NULL,
  `created_at` timestamp NULL DEFAULT NULL,
  `updated_at` timestamp NULL DEFAULT NULL
) ENGINE=InnoDB DEFAULT CHARSET=utf8mb4 COLLATE=utf8mb4_unicode_ci;

--
-- Dumping data for table `districts`
--

INSERT INTO `districts` (`id`, `region_id`, `name`, `geoname_id`, `created_at`, `updated_at`) VALUES
(1, 12, 'Wete District', 148841, '2026-01-15 11:16:48', '2026-01-15 11:16:48'),
(2, 6, 'Urambo', 149171, '2026-01-15 11:16:48', '2026-01-15 11:16:48'),
(3, 14, 'Ulanga', 149252, '2026-01-15 11:16:48', '2026-01-15 11:16:48'),
(4, 13, 'Ukerewe District', 149294, '2026-01-15 11:16:48', '2026-01-15 11:16:48'),
(5, 22, 'Temeke', 149542, '2026-01-15 11:16:48', '2026-01-15 11:16:48'),
(6, 16, 'Tarime', 149579, '2026-01-15 11:16:48', '2026-01-15 11:16:48'),
(7, 5, 'Tanga', 149601, '2026-01-15 11:16:48', '2026-01-15 11:16:48'),
(8, 6, 'Tabora Urban', 149654, '2026-01-15 11:16:49', '2026-01-15 11:16:49'),
(9, 9, 'Sumbawanga', 149702, '2026-01-15 11:16:49', '2026-01-15 11:16:49'),
(10, 7, 'Singida Rural District', 149877, '2026-01-15 11:16:49', '2026-01-15 11:16:49'),
(11, 8, 'Shinyanga Urban', 150005, '2026-01-15 11:16:49', '2026-01-15 11:16:49'),
(12, 16, 'Serengeti', 150095, '2026-01-15 11:16:49', '2026-01-15 11:16:49'),
(13, 13, 'Sengerema', 150102, '2026-01-15 11:16:49', '2026-01-15 11:16:49'),
(14, 18, 'Same', 150275, '2026-01-15 11:16:49', '2026-01-15 11:16:49'),
(15, 15, 'Rungwe', 150412, '2026-01-15 11:16:49', '2026-01-15 11:16:49'),
(16, 10, 'Rufiji', 150487, '2026-01-15 11:16:49', '2026-01-15 11:16:49'),
(17, 18, 'Rombo District', 150555, '2026-01-15 11:16:49', '2026-01-15 11:16:49'),
(18, 5, 'Pangani', 150788, '2026-01-15 11:16:49', '2026-01-15 11:16:49'),
(19, 6, 'Nzega', 150929, '2026-01-15 11:16:49', '2026-01-15 11:16:49'),
(20, 9, 'Nkasi', 151459, '2026-01-15 11:16:49', '2026-01-15 11:16:49'),
(21, 30, 'Njombe District Council', 151477, '2026-01-15 11:16:49', '2026-01-15 11:16:49'),
(22, 23, 'Ngorongoro', 151607, '2026-01-15 11:16:49', '2026-01-15 11:16:49'),
(23, 1, 'Ngara', 151710, '2026-01-15 11:16:49', '2026-01-15 11:16:49'),
(24, 18, 'Mwanga', 152262, '2026-01-15 11:16:49', '2026-01-15 11:16:49'),
(25, 16, 'Musoma', 152450, '2026-01-15 11:16:49', '2026-01-15 11:16:49'),
(26, 1, 'Muleba', 152569, '2026-01-15 11:16:49', '2026-01-15 11:16:49'),
(27, 5, 'Muheza District', 152629, '2026-01-15 11:16:49', '2026-01-15 11:16:49'),
(28, 20, 'Mufindi', 152698, '2026-01-15 11:16:49', '2026-01-15 11:16:49'),
(29, 21, 'Mpwapwa', 153093, '2026-01-15 11:16:49', '2026-01-15 11:16:49'),
(30, 29, 'Mpanda', 153173, '2026-01-15 11:16:49', '2026-01-15 11:16:49'),
(31, 14, 'Morogoro Urban', 153216, '2026-01-15 11:16:49', '2026-01-15 11:16:49'),
(32, 23, 'Monduli District', 153246, '2026-01-15 11:16:49', '2026-01-15 11:16:49'),
(33, 11, 'Mkoani District', 153597, '2026-01-15 11:16:49', '2026-01-15 11:16:49'),
(34, 24, 'Mbulu', 154311, '2026-01-15 11:16:49', '2026-01-15 11:16:49'),
(35, 31, 'Mbozi', 154331, '2026-01-15 11:16:49', '2026-01-15 11:16:49'),
(36, 15, 'Mbeya', 154379, '2026-01-15 11:16:49', '2026-01-15 11:16:49'),
(37, 27, 'Maswa District', 154646, '2026-01-15 11:16:49', '2026-01-15 11:16:49'),
(38, 7, 'Manyoni', 154836, '2026-01-15 11:16:49', '2026-01-15 11:16:49'),
(39, 30, 'Makete', 155165, '2026-01-15 11:16:49', '2026-01-15 11:16:49'),
(40, 13, 'Magu', 155313, '2026-01-15 11:16:49', '2026-01-15 11:16:49'),
(41, 10, 'Mafia', 155411, '2026-01-15 11:16:49', '2026-01-15 11:16:49'),
(42, 5, 'Lushoto', 155568, '2026-01-15 11:16:49', '2026-01-15 11:16:49'),
(43, 17, 'Liwale', 155918, '2026-01-15 11:16:49', '2026-01-15 11:16:49'),
(44, 15, 'Kyela', 156110, '2026-01-15 11:16:49', '2026-01-15 11:16:49'),
(45, 13, 'Kwimba District', 156136, '2026-01-15 11:16:49', '2026-01-15 11:16:49'),
(46, 5, 'Korogwe District', 156478, '2026-01-15 11:16:49', '2026-01-15 11:16:49'),
(47, 21, 'Kondoa', 156509, '2026-01-15 11:16:49', '2026-01-15 11:16:49'),
(48, 12, 'Micheweni', 156512, '2026-01-15 11:16:49', '2026-01-15 11:16:49'),
(49, 24, 'Kiteto', 156810, '2026-01-15 11:16:49', '2026-01-15 11:16:49'),
(50, 10, 'Kisarawe', 156995, '2026-01-15 11:16:49', '2026-01-15 11:16:49'),
(51, 22, 'Kinondoni', 157253, '2026-01-15 11:16:49', '2026-01-15 11:16:49'),
(52, 17, 'Kilwa', 157383, '2026-01-15 11:16:49', '2026-01-15 11:16:49'),
(53, 14, 'Kilosa', 157402, '2026-01-15 11:16:49', '2026-01-15 11:16:49'),
(54, 14, 'Kilombero', 157408, '2026-01-15 11:16:49', '2026-01-15 11:16:49'),
(55, 19, 'Kibondo', 157958, '2026-01-15 11:16:49', '2026-01-15 11:16:49'),
(56, 19, 'Kasulu', 158213, '2026-01-15 11:16:49', '2026-01-15 11:16:49'),
(57, 1, 'Karagwe', 158337, '2026-01-15 11:16:49', '2026-01-15 11:16:49'),
(58, 8, 'Kahama Rural District', 158596, '2026-01-15 11:16:49', '2026-01-15 11:16:49'),
(59, 20, 'Iringa Rural District', 159070, '2026-01-15 11:16:50', '2026-01-15 11:16:50'),
(60, 7, 'Iramba', 159085, '2026-01-15 11:16:50', '2026-01-15 11:16:50'),
(61, 31, 'Ileje', 159221, '2026-01-15 11:16:50', '2026-01-15 11:16:50'),
(62, 22, 'Ilala', 159239, '2026-01-15 11:16:50', '2026-01-15 11:16:50'),
(63, 6, 'Igunga', 159384, '2026-01-15 11:16:50', '2026-01-15 11:16:50'),
(64, 5, 'Handeni', 159673, '2026-01-15 11:16:50', '2026-01-15 11:16:50'),
(65, 24, 'Hanang District', 159684, '2026-01-15 11:16:50', '2026-01-15 11:16:50'),
(66, 18, 'Hai', 159711, '2026-01-15 11:16:50', '2026-01-15 11:16:50'),
(67, 28, 'Geita', 159907, '2026-01-15 11:16:50', '2026-01-15 11:16:50'),
(68, 15, 'Chunya', 160321, '2026-01-15 11:16:50', '2026-01-15 11:16:50'),
(69, 11, 'Chake Chake District', 160675, '2026-01-15 11:16:50', '2026-01-15 11:16:50'),
(70, 16, 'Bunda', 160891, '2026-01-15 11:16:50', '2026-01-15 11:16:50'),
(71, 1, 'Bukoba', 160960, '2026-01-15 11:16:50', '2026-01-15 11:16:50'),
(72, 1, 'Biharamulo District', 161153, '2026-01-15 11:16:50', '2026-01-15 11:16:50'),
(73, 27, 'Bariadi', 161217, '2026-01-15 11:16:50', '2026-01-15 11:16:50'),
(74, 10, 'Bagamoyo', 161288, '2026-01-15 11:16:50', '2026-01-15 11:16:50'),
(75, 23, 'Meru', 161327, '2026-01-15 11:16:50', '2026-01-15 11:16:50'),
(76, 25, 'Tunduru', 877377, '2026-01-15 11:16:50', '2026-01-15 11:16:50'),
(77, 25, 'Songea', 877400, '2026-01-15 11:16:50', '2026-01-15 11:16:50'),
(78, 26, 'Newala', 877533, '2026-01-15 11:16:50', '2026-01-15 11:16:50'),
(79, 17, 'Nachingwea', 877701, '2026-01-15 11:16:50', '2026-01-15 11:16:50'),
(80, 26, 'Mtwara', 877745, '2026-01-15 11:16:50', '2026-01-15 11:16:50'),
(81, 25, 'Mbinga', 877996, '2026-01-15 11:16:50', '2026-01-15 11:16:50'),
(82, 26, 'Masasi', 878057, '2026-01-15 11:16:50', '2026-01-15 11:16:50'),
(83, 30, 'Ludewa', 878221, '2026-01-15 11:16:50', '2026-01-15 11:16:50'),
(84, 17, 'Lindi Urban', 878280, '2026-01-15 11:16:50', '2026-01-15 11:16:50'),
(85, 21, 'Chamwino', 7628450, '2026-01-15 11:16:50', '2026-01-15 11:16:50'),
(86, 21, 'Bahi District', 7628451, '2026-01-15 11:16:50', '2026-01-15 11:16:50'),
(87, 8, 'Kishapu District', 7644867, '2026-01-15 11:16:50', '2026-01-15 11:16:50'),
(88, 19, 'Kigoma Rural', 7646313, '2026-01-15 11:16:50', '2026-01-15 11:16:50'),
(89, 27, 'Meatu', 7646376, '2026-01-15 11:16:50', '2026-01-15 11:16:50'),
(90, 13, 'Misungwi district', 7647446, '2026-01-15 11:16:50', '2026-01-15 11:16:50'),
(91, 20, 'Kilolo District', 7647452, '2026-01-15 11:16:50', '2026-01-15 11:16:50'),
(92, 6, 'Uyui District', 7647455, '2026-01-15 11:16:50', '2026-01-15 11:16:50'),
(93, 15, 'Mbarali district', 7647511, '2026-01-15 11:16:50', '2026-01-15 11:16:50'),
(94, 10, 'Kibaha District', 7647520, '2026-01-15 11:16:50', '2026-01-15 11:16:50'),
(95, 21, 'Kongwa', 7647659, '2026-01-15 11:16:50', '2026-01-15 11:16:50'),
(96, 23, 'Arusha District', 7647661, '2026-01-15 11:16:50', '2026-01-15 11:16:50'),
(97, 24, 'Babati District', 7647662, '2026-01-15 11:16:50', '2026-01-15 11:16:50'),
(98, 24, 'Simanjiro', 7647663, '2026-01-15 11:16:50', '2026-01-15 11:16:50'),
(99, 17, 'Lindi Rural', 7647665, '2026-01-15 11:16:50', '2026-01-15 11:16:50'),
(100, 17, 'Ruangwa', 7647667, '2026-01-15 11:16:50', '2026-01-15 11:16:50'),
(101, 14, 'Morogoro Rural', 7647668, '2026-01-15 11:16:50', '2026-01-15 11:16:50'),
(102, 8, 'Shinyanga Rural', 7647669, '2026-01-15 11:16:50', '2026-01-15 11:16:50'),
(103, 25, 'Namtumbo', 7648510, '2026-01-15 11:16:50', '2026-01-15 11:16:50'),
(104, 20, 'Iringa Urban District', 7731037, '2026-01-15 11:16:50', '2026-01-15 11:16:50'),
(105, 21, 'Dodoma Urban District', 7731058, '2026-01-15 11:16:50', '2026-01-15 11:16:50'),
(106, 7, 'Singida Urban District', 7731078, '2026-01-15 11:16:50', '2026-01-15 11:16:50'),
(107, 18, 'Moshi Rural District', 7840035, '2026-01-15 11:16:50', '2026-01-15 11:16:50'),
(108, 10, 'Mkuranga', 7840038, '2026-01-15 11:16:50', '2026-01-15 11:16:50'),
(109, 13, 'Ilemela District', 7840051, '2026-01-15 11:16:50', '2026-01-15 11:16:50'),
(110, 18, 'Moshi Urban District', 8299555, '2026-01-15 11:16:51', '2026-01-15 11:16:51'),
(111, 28, 'Bukombe District', 8299600, '2026-01-15 11:16:51', '2026-01-15 11:16:51'),
(112, 14, 'Mvomero District', 8659171, '2026-01-15 11:16:51', '2026-01-15 11:16:51'),
(113, 23, 'Longido District', 8693317, '2026-01-15 11:16:51', '2026-01-15 11:16:51'),
(114, 26, 'Nanyumbu District', 9072685, '2026-01-15 11:16:51', '2026-01-15 11:16:51'),
(115, 6, 'Sikonge District', 9072686, '2026-01-15 11:16:51', '2026-01-15 11:16:51'),
(116, 23, 'Karatu District', 9072687, '2026-01-15 11:16:51', '2026-01-15 11:16:51'),
(117, 5, 'Kilindi District', 9072688, '2026-01-15 11:16:51', '2026-01-15 11:16:51'),
(118, 26, 'Tandahimba', 9072692, '2026-01-15 11:16:51', '2026-01-15 11:16:51'),
(119, 13, 'Nyamagana District', 9072694, '2026-01-15 11:16:51', '2026-01-15 11:16:51'),
(120, 28, 'Chato District', 9072755, '2026-01-15 11:16:51', '2026-01-15 11:16:51'),
(121, 9, 'Sumbawanga Urban', 9166007, '2026-01-15 11:16:51', '2026-01-15 11:16:51'),
(122, 19, 'Uvinza District', 9258474, '2026-01-15 11:16:51', '2026-01-15 11:16:51'),
(123, 19, 'Kakonko District', 9258493, '2026-01-15 11:16:51', '2026-01-15 11:16:51'),
(124, 23, 'Arusha City', 9998003, '2026-01-15 11:16:51', '2026-01-15 11:16:51'),
(125, 21, 'Chemba', 9998004, '2026-01-15 11:16:51', '2026-01-15 11:16:51'),
(126, 28, 'Mbogwe', 9998062, '2026-01-15 11:16:51', '2026-01-15 11:16:51'),
(127, 28, 'Nyang’hwale', 9998063, '2026-01-15 11:16:51', '2026-01-15 11:16:51'),
(128, 20, 'Mafinga Town Council', 9998068, '2026-01-15 11:16:51', '2026-01-15 11:16:51'),
(129, 1, 'Bukoba Municipal', 9998074, '2026-01-15 11:16:51', '2026-01-15 11:16:51'),
(130, 1, 'Kyerwa', 9998075, '2026-01-15 11:16:51', '2026-01-15 11:16:51'),
(131, 1, 'Missenyi', 9998076, '2026-01-15 11:16:51', '2026-01-15 11:16:51'),
(132, 29, 'Mlele', 9998077, '2026-01-15 11:16:51', '2026-01-15 11:16:51'),
(133, 29, 'Mpanda Town', 9998078, '2026-01-15 11:16:51', '2026-01-15 11:16:51'),
(134, 19, 'Buhigwe', 9998113, '2026-01-15 11:16:51', '2026-01-15 11:16:51'),
(135, 19, 'Kasulu Town', 9998114, '2026-01-15 11:16:51', '2026-01-15 11:16:51'),
(136, 19, 'Kigoma Ujiji Municipal', 9998117, '2026-01-15 11:16:51', '2026-01-15 11:16:51'),
(137, 18, 'Siha', 9998121, '2026-01-15 11:16:51', '2026-01-15 11:16:51'),
(138, 24, 'Babati Town', 9998132, '2026-01-15 11:16:51', '2026-01-15 11:16:51'),
(139, 16, 'Butiama', 9998136, '2026-01-15 11:16:51', '2026-01-15 11:16:51'),
(140, 16, 'Musoma Municipal', 9998138, '2026-01-15 11:16:51', '2026-01-15 11:16:51'),
(141, 16, 'Rorya', 9998141, '2026-01-15 11:16:51', '2026-01-15 11:16:51'),
(142, 15, 'Mbeya City', 9998150, '2026-01-15 11:16:51', '2026-01-15 11:16:51'),
(143, 31, 'Momba', 9998151, '2026-01-15 11:16:51', '2026-01-15 11:16:51'),
(144, 31, 'Tunduma', 9998152, '2026-01-15 11:16:51', '2026-01-15 11:16:51'),
(145, 14, 'Gairo', 9998153, '2026-01-15 11:16:51', '2026-01-15 11:16:51'),
(146, 26, 'Masasi Town', 9998154, '2026-01-15 11:16:51', '2026-01-15 11:16:51'),
(147, 30, 'Makambako Town', 9998174, '2026-01-15 11:16:52', '2026-01-15 11:16:52'),
(148, 30, 'Njombe Town', 9998175, '2026-01-15 11:16:52', '2026-01-15 11:16:52'),
(149, 30, 'Wanging’ombe', 9998176, '2026-01-15 11:16:52', '2026-01-15 11:16:52'),
(150, 10, 'Kibaha Town', 9998177, '2026-01-15 11:16:52', '2026-01-15 11:16:52'),
(151, 9, 'Kalambo', 9998179, '2026-01-15 11:16:52', '2026-01-15 11:16:52'),
(152, 25, 'Nyasa', 9998181, '2026-01-15 11:16:52', '2026-01-15 11:16:52'),
(153, 25, 'Songea Municipal', 9998183, '2026-01-15 11:16:52', '2026-01-15 11:16:52'),
(154, 8, 'Kahama Town', 9998184, '2026-01-15 11:16:52', '2026-01-15 11:16:52'),
(155, 27, 'Busega', 9998185, '2026-01-15 11:16:52', '2026-01-15 11:16:52'),
(156, 27, 'Itilima', 9998187, '2026-01-15 11:16:52', '2026-01-15 11:16:52'),
(157, 7, 'Ikungi', 9998225, '2026-01-15 11:16:52', '2026-01-15 11:16:52'),
(158, 7, 'Mkalama', 9998226, '2026-01-15 11:16:52', '2026-01-15 11:16:52'),
(159, 6, 'Kaliua', 9998228, '2026-01-15 11:16:52', '2026-01-15 11:16:52'),
(160, 5, 'Handeni Town', 9998230, '2026-01-15 11:16:52', '2026-01-15 11:16:52'),
(161, 5, 'Korogwe Town', 9998232, '2026-01-15 11:16:52', '2026-01-15 11:16:52'),
(162, 5, 'Mkinga', 9998233, '2026-01-15 11:16:52', '2026-01-15 11:16:52'),
(163, 4, 'Kati', 11204824, '2026-01-15 11:16:52', '2026-01-15 11:16:52'),
(164, 2, 'Magharibi', 11204825, '2026-01-15 11:16:52', '2026-01-15 11:16:52'),
(165, 3, 'Kaskazini A', 11204826, '2026-01-15 11:16:52', '2026-01-15 11:16:52'),
(166, 3, 'Kaskazini B', 11204828, '2026-01-15 11:16:52', '2026-01-15 11:16:52'),
(167, 4, 'Kusini', 11204829, '2026-01-15 11:16:52', '2026-01-15 11:16:52'),
(168, 2, 'Mjini', 11204830, '2026-01-15 11:16:52', '2026-01-15 11:16:52'),
(169, 26, 'Mtwara Urban', 11204831, '2026-01-15 11:16:52', '2026-01-15 11:16:52'),
(170, 31, 'Songwe District', 11951161, '2026-01-15 11:16:52', '2026-01-15 11:16:52');

-- --------------------------------------------------------

--
-- Table structure for table `failed_jobs`
--

CREATE TABLE `failed_jobs` (
  `id` bigint(20) UNSIGNED NOT NULL,
  `uuid` varchar(255) NOT NULL,
  `connection` text NOT NULL,
  `queue` text NOT NULL,
  `payload` longtext NOT NULL,
  `exception` longtext NOT NULL,
  `failed_at` timestamp NOT NULL DEFAULT current_timestamp()
) ENGINE=InnoDB DEFAULT CHARSET=utf8mb4 COLLATE=utf8mb4_unicode_ci;

-- --------------------------------------------------------

--
-- Table structure for table `jobs`
--

CREATE TABLE `jobs` (
  `id` bigint(20) UNSIGNED NOT NULL,
  `queue` varchar(255) NOT NULL,
  `payload` longtext NOT NULL,
  `attempts` tinyint(3) UNSIGNED NOT NULL,
  `reserved_at` int(10) UNSIGNED DEFAULT NULL,
  `available_at` int(10) UNSIGNED NOT NULL,
  `created_at` int(10) UNSIGNED NOT NULL
) ENGINE=InnoDB DEFAULT CHARSET=utf8mb4 COLLATE=utf8mb4_unicode_ci;

-- --------------------------------------------------------

--
-- Table structure for table `job_batches`
--

CREATE TABLE `job_batches` (
  `id` varchar(255) NOT NULL,
  `name` varchar(255) NOT NULL,
  `total_jobs` int(11) NOT NULL,
  `pending_jobs` int(11) NOT NULL,
  `failed_jobs` int(11) NOT NULL,
  `failed_job_ids` longtext NOT NULL,
  `options` mediumtext DEFAULT NULL,
  `cancelled_at` int(11) DEFAULT NULL,
  `created_at` int(11) NOT NULL,
  `finished_at` int(11) DEFAULT NULL
) ENGINE=InnoDB DEFAULT CHARSET=utf8mb4 COLLATE=utf8mb4_unicode_ci;

-- --------------------------------------------------------

--
-- Table structure for table `migrations`
--

CREATE TABLE `migrations` (
  `id` int(10) UNSIGNED NOT NULL,
  `migration` varchar(255) NOT NULL,
  `batch` int(11) NOT NULL
) ENGINE=InnoDB DEFAULT CHARSET=utf8mb4 COLLATE=utf8mb4_unicode_ci;

--
-- Dumping data for table `migrations`
--

INSERT INTO `migrations` (`id`, `migration`, `batch`) VALUES
(1, '0001_01_01_000000_create_users_table', 1),
(2, '0001_01_01_000001_create_cache_table', 1),
(3, '0001_01_01_000002_create_jobs_table', 1),
(4, '2026_01_02_120121_create_projects_table', 1),
(5, '2026_01_02_123449_add_username_and_bio_to_users_table', 1),
(6, '2026_01_02_125340_create_portfolios_table', 1),
(7, '2026_01_02_192353_create_skills_table', 1),
(8, '2026_01_06_131659_create_countries_table', 1),
(9, '2026_01_06_131700_create_regions_table', 1),
(10, '2026_01_06_132247_create_districts_table', 1),
(11, '2026_01_06_145346_add_profile_fields_to_portfolios_table', 1),
(12, '2026_01_07_143633_add_personal_fields_to_portfolios', 1),
(13, '2026_01_07_153359_make_title_nullable_in_portfolios', 1),
(14, '2026_01_12_061308_add_profile_photo_to_portfolios_table', 1);

-- --------------------------------------------------------

--
-- Table structure for table `password_reset_tokens`
--

CREATE TABLE `password_reset_tokens` (
  `email` varchar(255) NOT NULL,
  `token` varchar(255) NOT NULL,
  `created_at` timestamp NULL DEFAULT NULL
) ENGINE=InnoDB DEFAULT CHARSET=utf8mb4 COLLATE=utf8mb4_unicode_ci;

-- --------------------------------------------------------

--
-- Table structure for table `portfolios`
--

CREATE TABLE `portfolios` (
  `id` bigint(20) UNSIGNED NOT NULL,
  `user_id` bigint(20) UNSIGNED NOT NULL,
  `title` varchar(255) DEFAULT NULL,
  `description` text DEFAULT NULL,
  `website` varchar(255) DEFAULT NULL,
  `created_at` timestamp NULL DEFAULT NULL,
  `updated_at` timestamp NULL DEFAULT NULL,
  `skills` text DEFAULT NULL,
  `education` text DEFAULT NULL,
  `experience` text DEFAULT NULL,
  `full_name` varchar(255) NOT NULL,
  `gender` varchar(255) NOT NULL,
  `country_id` bigint(20) UNSIGNED NOT NULL,
  `region_id` bigint(20) UNSIGNED NOT NULL,
  `district_id` bigint(20) UNSIGNED NOT NULL,
  `profile_photo` varchar(255) DEFAULT NULL
) ENGINE=InnoDB DEFAULT CHARSET=utf8mb4 COLLATE=utf8mb4_unicode_ci;

--
-- Dumping data for table `portfolios`
--

INSERT INTO `portfolios` (`id`, `user_id`, `title`, `description`, `website`, `created_at`, `updated_at`, `skills`, `education`, `experience`, `full_name`, `gender`, `country_id`, `region_id`, `district_id`, `profile_photo`) VALUES
(1, 1, NULL, NULL, NULL, '2026-01-15 11:55:25', '2026-01-15 12:11:51', 'gfddddddddddddddddddddddddddddddddddddddddddddddddddddddddddddddddhhhhhhhhhhhhhhhhhhhhhhhg fjjjjjjjjjjjjjjjjjjjjjjjjjjjjjjjjjjjjgfffffffffffffffffffffffffffffffffffffffffffkll ioserhiosdfiouhiosdfh80a7rphfpaspfgsd oiuyiopujopkal;jkjdsjhhhhhhhhhhdfjodffj;fg\r\nfdgfdgujouop[sssssssssssssjjjjjjjjjjjjjjjjjjjjjjjjjjjjjjjddddddddddkrofigjusskfkvb xm;lxk;ljkfgkdfgkitopgfgjp[oigjiohi ugpajofg', 'u8erurgkggjdfhgdfogkfpkdgf', 'gp[ghkpghkglkh[pij[eho\\s\\pe[es', 'Zamoyo Youeli', 'Male', 230, 22, 62, 'profile_photos/BqzhidhMfRE7TkXkO4XzyuXDp4e5ZryDQPsQ2R0A.jpg');

-- --------------------------------------------------------

--
-- Table structure for table `projects`
--

CREATE TABLE `projects` (
  `id` bigint(20) UNSIGNED NOT NULL,
  `created_at` timestamp NULL DEFAULT NULL,
  `updated_at` timestamp NULL DEFAULT NULL
) ENGINE=InnoDB DEFAULT CHARSET=utf8mb4 COLLATE=utf8mb4_unicode_ci;

-- --------------------------------------------------------

--
-- Table structure for table `regions`
--

CREATE TABLE `regions` (
  `id` bigint(20) UNSIGNED NOT NULL,
  `country_id` bigint(20) UNSIGNED NOT NULL,
  `name` varchar(255) NOT NULL,
  `admin1_code` varchar(255) DEFAULT NULL,
  `geoname_id` int(11) DEFAULT NULL,
  `created_at` timestamp NULL DEFAULT NULL,
  `updated_at` timestamp NULL DEFAULT NULL
) ENGINE=InnoDB DEFAULT CHARSET=utf8mb4 COLLATE=utf8mb4_unicode_ci;

--
-- Dumping data for table `regions`
--

INSERT INTO `regions` (`id`, `country_id`, `name`, `admin1_code`, `geoname_id`, `created_at`, `updated_at`) VALUES
(1, 230, 'Kagera Region', NULL, 148679, '2026-01-15 11:16:48', '2026-01-15 11:16:48'),
(2, 230, 'Zanzibar Urban/West Region', NULL, 148724, '2026-01-15 11:16:48', '2026-01-15 11:16:48'),
(3, 230, 'Zanzibar North Region', NULL, 148725, '2026-01-15 11:16:48', '2026-01-15 11:16:48'),
(4, 230, 'Zanzibar Central/South Region', NULL, 148728, '2026-01-15 11:16:48', '2026-01-15 11:16:48'),
(5, 230, 'Tanga Region', NULL, 149595, '2026-01-15 11:16:48', '2026-01-15 11:16:48'),
(6, 230, 'Tabora Region', NULL, 149653, '2026-01-15 11:16:48', '2026-01-15 11:16:48'),
(7, 230, 'Singida Region', NULL, 149876, '2026-01-15 11:16:48', '2026-01-15 11:16:48'),
(8, 230, 'Shinyanga Region', NULL, 150004, '2026-01-15 11:16:48', '2026-01-15 11:16:48'),
(9, 230, 'Rukwa Region', NULL, 150442, '2026-01-15 11:16:48', '2026-01-15 11:16:48'),
(10, 230, 'Coast Region', NULL, 150602, '2026-01-15 11:16:48', '2026-01-15 11:16:48'),
(11, 230, 'Pemba South Region', NULL, 150732, '2026-01-15 11:16:48', '2026-01-15 11:16:48'),
(12, 230, 'Pemba North Region', NULL, 150733, '2026-01-15 11:16:48', '2026-01-15 11:16:48'),
(13, 230, 'Mwanza Region', NULL, 152219, '2026-01-15 11:16:48', '2026-01-15 11:16:48'),
(14, 230, 'Morogoro Region', NULL, 153214, '2026-01-15 11:16:48', '2026-01-15 11:16:48'),
(15, 230, 'Mbeya Region', NULL, 154375, '2026-01-15 11:16:48', '2026-01-15 11:16:48'),
(16, 230, 'Mara Region', NULL, 154775, '2026-01-15 11:16:48', '2026-01-15 11:16:48'),
(17, 230, 'Lindi Region', NULL, 155946, '2026-01-15 11:16:48', '2026-01-15 11:16:48'),
(18, 230, 'Kilimanjaro Region', NULL, 157449, '2026-01-15 11:16:48', '2026-01-15 11:16:48'),
(19, 230, 'Kigoma Region', NULL, 157732, '2026-01-15 11:16:48', '2026-01-15 11:16:48'),
(20, 230, 'Iringa Region', NULL, 159067, '2026-01-15 11:16:48', '2026-01-15 11:16:48'),
(21, 230, 'Dodoma Region', NULL, 160192, '2026-01-15 11:16:48', '2026-01-15 11:16:48'),
(22, 230, 'Dar es Salaam Region', NULL, 160260, '2026-01-15 11:16:48', '2026-01-15 11:16:48'),
(23, 230, 'Arusha Region', NULL, 161322, '2026-01-15 11:16:48', '2026-01-15 11:16:48'),
(24, 230, 'Manyara Region', NULL, 435764, '2026-01-15 11:16:48', '2026-01-15 11:16:48'),
(25, 230, 'Ruvuma Region', NULL, 877416, '2026-01-15 11:16:48', '2026-01-15 11:16:48'),
(26, 230, 'Mtwara Region', NULL, 877744, '2026-01-15 11:16:48', '2026-01-15 11:16:48'),
(27, 230, 'Simiyu Region', NULL, 8469238, '2026-01-15 11:16:48', '2026-01-15 11:16:48'),
(28, 230, 'Geita Region', NULL, 8469239, '2026-01-15 11:16:48', '2026-01-15 11:16:48'),
(29, 230, 'Katavi Region', NULL, 8469240, '2026-01-15 11:16:48', '2026-01-15 11:16:48'),
(30, 230, 'Njombe Region', NULL, 8469241, '2026-01-15 11:16:48', '2026-01-15 11:16:48'),
(31, 230, 'Songwe', NULL, 11124984, '2026-01-15 11:16:48', '2026-01-15 11:16:48');

-- --------------------------------------------------------

--
-- Table structure for table `sessions`
--

CREATE TABLE `sessions` (
  `id` varchar(255) NOT NULL,
  `user_id` bigint(20) UNSIGNED DEFAULT NULL,
  `ip_address` varchar(45) DEFAULT NULL,
  `user_agent` text DEFAULT NULL,
  `payload` longtext NOT NULL,
  `last_activity` int(11) NOT NULL
) ENGINE=InnoDB DEFAULT CHARSET=utf8mb4 COLLATE=utf8mb4_unicode_ci;

--
-- Dumping data for table `sessions`
--

INSERT INTO `sessions` (`id`, `user_id`, `ip_address`, `user_agent`, `payload`, `last_activity`) VALUES
('78tOG89VOC3Vflfv7aihlWKHonCMbWMDxFhjUN4J', 1, '127.0.0.1', 'Mozilla/5.0 (Windows NT 10.0; Win64; x64) AppleWebKit/537.36 (KHTML, like Gecko) Chrome/143.0.0.0 Safari/537.36', 'YTo0OntzOjY6Il90b2tlbiI7czo0MDoibjQyVmJqa0R0QjYwc2RPeGZKYWp6akpzdXR0d3VCZGNqUW1wYUM4VyI7czo2OiJfZmxhc2giO2E6Mjp7czozOiJvbGQiO2E6MDp7fXM6MzoibmV3IjthOjA6e319czo5OiJfcHJldmlvdXMiO2E6Mjp7czozOiJ1cmwiO3M6MzE6Imh0dHA6Ly8xMjcuMC4wLjE6ODAwMC9kYXNoYm9hcmQiO3M6NToicm91dGUiO3M6OToiZGFzaGJvYXJkIjt9czo1MDoibG9naW5fd2ViXzU5YmEzNmFkZGMyYjJmOTQwMTU4MGYwMTRjN2Y1OGVhNGUzMDk4OWQiO2k6MTt9', 1768489918);

-- --------------------------------------------------------

--
-- Table structure for table `skills`
--

CREATE TABLE `skills` (
  `id` bigint(20) UNSIGNED NOT NULL,
  `user_id` bigint(20) UNSIGNED NOT NULL,
  `name` varchar(255) NOT NULL,
  `level` varchar(255) NOT NULL,
  `created_at` timestamp NULL DEFAULT NULL,
  `updated_at` timestamp NULL DEFAULT NULL
) ENGINE=InnoDB DEFAULT CHARSET=utf8mb4 COLLATE=utf8mb4_unicode_ci;

-- --------------------------------------------------------

--
-- Table structure for table `users`
--

CREATE TABLE `users` (
  `id` bigint(20) UNSIGNED NOT NULL,
  `name` varchar(255) NOT NULL,
  `email` varchar(255) NOT NULL,
  `username` varchar(255) NOT NULL,
  `bio` text DEFAULT NULL,
  `email_verified_at` timestamp NULL DEFAULT NULL,
  `password` varchar(255) NOT NULL,
  `remember_token` varchar(100) DEFAULT NULL,
  `created_at` timestamp NULL DEFAULT NULL,
  `updated_at` timestamp NULL DEFAULT NULL
) ENGINE=InnoDB DEFAULT CHARSET=utf8mb4 COLLATE=utf8mb4_unicode_ci;

--
-- Dumping data for table `users`
--

INSERT INTO `users` (`id`, `name`, `email`, `username`, `bio`, `email_verified_at`, `password`, `remember_token`, `created_at`, `updated_at`) VALUES
(1, 'Zamoyo Youeli', 'yoelzamo@gmail', 'zayo', NULL, NULL, '$2y$12$Ysr7HBOfV3HfLZsygXVFtuRBiIYsAcvutKGkgHWrdoemhyFItf61.', NULL, '2026-01-15 11:17:53', '2026-01-15 11:17:53');

--
-- Indexes for dumped tables
--

--
-- Indexes for table `cache`
--
ALTER TABLE `cache`
  ADD PRIMARY KEY (`key`);

--
-- Indexes for table `cache_locks`
--
ALTER TABLE `cache_locks`
  ADD PRIMARY KEY (`key`);

--
-- Indexes for table `countries`
--
ALTER TABLE `countries`
  ADD PRIMARY KEY (`id`);

--
-- Indexes for table `districts`
--
ALTER TABLE `districts`
  ADD PRIMARY KEY (`id`),
  ADD KEY `districts_region_id_foreign` (`region_id`);

--
-- Indexes for table `failed_jobs`
--
ALTER TABLE `failed_jobs`
  ADD PRIMARY KEY (`id`),
  ADD UNIQUE KEY `failed_jobs_uuid_unique` (`uuid`);

--
-- Indexes for table `jobs`
--
ALTER TABLE `jobs`
  ADD PRIMARY KEY (`id`),
  ADD KEY `jobs_queue_index` (`queue`);

--
-- Indexes for table `job_batches`
--
ALTER TABLE `job_batches`
  ADD PRIMARY KEY (`id`);

--
-- Indexes for table `migrations`
--
ALTER TABLE `migrations`
  ADD PRIMARY KEY (`id`);

--
-- Indexes for table `password_reset_tokens`
--
ALTER TABLE `password_reset_tokens`
  ADD PRIMARY KEY (`email`);

--
-- Indexes for table `portfolios`
--
ALTER TABLE `portfolios`
  ADD PRIMARY KEY (`id`),
  ADD KEY `portfolios_user_id_foreign` (`user_id`),
  ADD KEY `portfolios_country_id_foreign` (`country_id`),
  ADD KEY `portfolios_region_id_foreign` (`region_id`),
  ADD KEY `portfolios_district_id_foreign` (`district_id`);

--
-- Indexes for table `projects`
--
ALTER TABLE `projects`
  ADD PRIMARY KEY (`id`);

--
-- Indexes for table `regions`
--
ALTER TABLE `regions`
  ADD PRIMARY KEY (`id`),
  ADD KEY `regions_country_id_foreign` (`country_id`);

--
-- Indexes for table `sessions`
--
ALTER TABLE `sessions`
  ADD PRIMARY KEY (`id`),
  ADD KEY `sessions_user_id_index` (`user_id`),
  ADD KEY `sessions_last_activity_index` (`last_activity`);

--
-- Indexes for table `skills`
--
ALTER TABLE `skills`
  ADD PRIMARY KEY (`id`),
  ADD KEY `skills_user_id_foreign` (`user_id`);

--
-- Indexes for table `users`
--
ALTER TABLE `users`
  ADD PRIMARY KEY (`id`),
  ADD UNIQUE KEY `users_email_unique` (`email`),
  ADD UNIQUE KEY `users_username_unique` (`username`);

--
-- AUTO_INCREMENT for dumped tables
--

--
-- AUTO_INCREMENT for table `countries`
--
ALTER TABLE `countries`
  MODIFY `id` bigint(20) UNSIGNED NOT NULL AUTO_INCREMENT, AUTO_INCREMENT=253;

--
-- AUTO_INCREMENT for table `districts`
--
ALTER TABLE `districts`
  MODIFY `id` bigint(20) UNSIGNED NOT NULL AUTO_INCREMENT, AUTO_INCREMENT=171;

--
-- AUTO_INCREMENT for table `failed_jobs`
--
ALTER TABLE `failed_jobs`
  MODIFY `id` bigint(20) UNSIGNED NOT NULL AUTO_INCREMENT;

--
-- AUTO_INCREMENT for table `jobs`
--
ALTER TABLE `jobs`
  MODIFY `id` bigint(20) UNSIGNED NOT NULL AUTO_INCREMENT;

--
-- AUTO_INCREMENT for table `migrations`
--
ALTER TABLE `migrations`
  MODIFY `id` int(10) UNSIGNED NOT NULL AUTO_INCREMENT, AUTO_INCREMENT=15;

--
-- AUTO_INCREMENT for table `portfolios`
--
ALTER TABLE `portfolios`
  MODIFY `id` bigint(20) UNSIGNED NOT NULL AUTO_INCREMENT, AUTO_INCREMENT=2;

--
-- AUTO_INCREMENT for table `projects`
--
ALTER TABLE `projects`
  MODIFY `id` bigint(20) UNSIGNED NOT NULL AUTO_INCREMENT;

--
-- AUTO_INCREMENT for table `regions`
--
ALTER TABLE `regions`
  MODIFY `id` bigint(20) UNSIGNED NOT NULL AUTO_INCREMENT, AUTO_INCREMENT=32;

--
-- AUTO_INCREMENT for table `skills`
--
ALTER TABLE `skills`
  MODIFY `id` bigint(20) UNSIGNED NOT NULL AUTO_INCREMENT;

--
-- AUTO_INCREMENT for table `users`
--
ALTER TABLE `users`
  MODIFY `id` bigint(20) UNSIGNED NOT NULL AUTO_INCREMENT, AUTO_INCREMENT=2;

--
-- Constraints for dumped tables
--

--
-- Constraints for table `districts`
--
ALTER TABLE `districts`
  ADD CONSTRAINT `districts_region_id_foreign` FOREIGN KEY (`region_id`) REFERENCES `regions` (`id`) ON DELETE CASCADE;

--
-- Constraints for table `portfolios`
--
ALTER TABLE `portfolios`
  ADD CONSTRAINT `portfolios_country_id_foreign` FOREIGN KEY (`country_id`) REFERENCES `countries` (`id`),
  ADD CONSTRAINT `portfolios_district_id_foreign` FOREIGN KEY (`district_id`) REFERENCES `districts` (`id`),
  ADD CONSTRAINT `portfolios_region_id_foreign` FOREIGN KEY (`region_id`) REFERENCES `regions` (`id`),
  ADD CONSTRAINT `portfolios_user_id_foreign` FOREIGN KEY (`user_id`) REFERENCES `users` (`id`) ON DELETE CASCADE;

--
-- Constraints for table `regions`
--
ALTER TABLE `regions`
  ADD CONSTRAINT `regions_country_id_foreign` FOREIGN KEY (`country_id`) REFERENCES `countries` (`id`) ON DELETE CASCADE;

--
-- Constraints for table `skills`
--
ALTER TABLE `skills`
  ADD CONSTRAINT `skills_user_id_foreign` FOREIGN KEY (`user_id`) REFERENCES `users` (`id`) ON DELETE CASCADE;
COMMIT;

/*!40101 SET CHARACTER_SET_CLIENT=@OLD_CHARACTER_SET_CLIENT */;
/*!40101 SET CHARACTER_SET_RESULTS=@OLD_CHARACTER_SET_RESULTS */;
/*!40101 SET COLLATION_CONNECTION=@OLD_COLLATION_CONNECTION */;
